{
  "120363415252795054@g.us": {
    "enabled": true,
    "closeTime": "11:00",
    "openTime": "01:00",
    "originalName": "Duit",
    "status": "opened"
  },
  "120363399920796896@g.us": {
    "enabled": true,
    "closeTime": "00:00",
    "openTime": "06:00",
    "originalName": "Baru (❌ DITUTUP)",
    "status": "opened"
  },
  "120363419944612774@g.us": {
    "enabled": true,
    "closeTime": "00:50",
    "openTime": "06:00",
    "originalName": "Hero BOT buyer",
    "status": "opened"
  },
  "120363394095326018@g.us": {
    "enabled": true,
    "closeTime": "22:05",
    "openTime": "22:06",
    "originalName": "test bot",
    "status": "opened"
  },
  "120363400664529158@g.us": {
    "enabled": true,
    "closeTime": "00:45",
    "openTime": "06:00",
    "originalName": "HERO COMUNITY",
    "status": "opened"
  }
}