{
  "214,118,121,213,233,99,62,114,18,237,16,85,52,18,149,249,129,97,190,61,201,10,253,148,15,176,233,237,133,79,20,96": {
    "command": "menu",
    "response": "*📬 ❌Hai ${m.pushName}!*\\n\\n _❗Kabar Baik ! Hero Sekarang support sticker coyyyy_🗿\\nKalau Kamu Penasaran Klik Tombol Dibawah yak 🥸 👇"
  },
  "210,10,238,239,127,136,206,115,184,174,60,41,73,194,61,46,130,36,140,101,96,223,251,76,117,197,174,111,86,76,83,230": {
    "command": "kaget",
    "response": "[ *Respon Hero* ] wuis ngeri nyo😨"
  },
  "43,127,59,11,62,196,226,219,238,87,189,67,189,155,223,113,99,196,32,137,97,93,76,108,236,114,25,21,72,88,44,130": {
    "command": "nyengir",
    "response": "[ *Respon Hero*] malah nyengir bjir 🗿"
  },
  "211,130,77,216,107,120,222,31,208,106,70,189,143,44,65,100,242,183,35,57,32,141,219,203,52,24,69,112,180,39,17,83": {
    "command": "kaget",
    "response": "[ *Respon Hero* ] hehh, mengerikan sangat😓🤫"
  },
  "66,114,70,140,86,59,228,115,199,80,158,23,115,58,22,197,93,99,224,51,150,62,249,144,63,236,49,238,228,96,26,16": {
    "command": "apacb",
    "response": "[ *Respon Hero*] ap cb.-."
  },
  "147,232,235,129,235,222,12,151,121,2,241,90,236,133,151,181,245,127,150,190,161,138,146,218,196,71,133,25,125,133,2,74": {
    "command": "ketawa",
    "response": "[ *Hero Respon* ] 😂😂kasian"
  },
  "218,191,33,138,41,241,161,3,105,158,124,98,187,204,179,144,121,249,32,154,52,72,117,179,55,190,250,157,79,185,42,204": {
    "command": "done",
    "response": "*Done Jasa Refferal By Heroikzre🙏🏻😁* \\n\\n _Terimakasih Telah Membeli Disini🔥‼️_ \\n\\n 📝Follow Channel untuk mengetahui Promo refferal Dan support kami : https://whatsapp.com/channel/0029ValE8PgKAwEirNjqNG3r"
  }
}