{
  "6285189218038": [
    {
      "pesanan": ".cekpesanan",
      "catatan": "1",
      "status": "diproses",
      "tanggal": "Senin, 28 - Juli - 2025"
    },
    {
      "pesanan": "✅ Testimoni berhasil dikirim ke channel & 19 grup.",
      "catatan": "12 reff",
      "status": "diproses",
      "tanggal": "Selasa, 29 - Juli - 2025"
    }
  ],
  "6285798014245": [
    {
      "pesanan": "https://t.me/ibvm_rewards_bot?start=943uf",
      "catatan": "5 reff",
      "status": "diproses",
      "tanggal": "Rabu, 30 - Juli - 2025"
    },
    {
      "pesanan": "https://t.me/ibvm_rewards_bot?start=vt9c6\nSisanya di kesini yakk",
      "catatan": "28 reff",
      "status": "diproses",
      "tanggal": "Rabu, 30 - Juli - 2025"
    }
  ],
  "60165056328": [
    {
      "pesanan": "https://www.tokentime.fund/h5/reg.html?invite_code=SMV3BG",
      "catatan": "9 reff",
      "status": "diproses",
      "tanggal": "Senin, 1 - September - 2025"
    }
  ],
  "6285783106541": [
    {
      "pesanan": "https://t.me/TIVA_Rewards_Bot?start=g6gc9",
      "catatan": "500 reff",
      "status": "diproses",
      "tanggal": "Rabu, 10 - September - 2025"
    }
  ],
  "6283104101033": [
    {
      "pesanan": "Pake code CQJP21",
      "catatan": "5 reff",
      "status": "diproses",
      "tanggal": "Rabu, 10 - September - 2025"
    }
  ]
}