{
  "6285189218038": [
    {
      "pesanan": ".cekpesanan",
      "catatan": "1",
      "status": "diproses",
      "tanggal": "Senin, 28 - Juli - 2025"
    },
    {
      "pesanan": "✅ Testimoni berhasil dikirim ke channel & 19 grup.",
      "catatan": "12 reff",
      "status": "diproses",
      "tanggal": "Selasa, 29 - Juli - 2025"
    }
  ],
  "6285798014245": [
    {
      "pesanan": "https://t.me/ibvm_rewards_bot?start=943uf",
      "catatan": "5 reff",
      "status": "diproses",
      "tanggal": "Rabu, 30 - Juli - 2025"
    },
    {
      "pesanan": "https://t.me/ibvm_rewards_bot?start=vt9c6\nSisanya di kesini yakk",
      "catatan": "28 reff",
      "status": "diproses",
      "tanggal": "Rabu, 30 - Juli - 2025"
    }
  ]
}