[
     {
          "id": "120363374592180128@g.us",
          "key": "ayam geprek ",
          "response": " makanan",
          "isImage": false,
          "image_url": "-"
     },
     {
          "id": "120363374592180128@g.us",
          "key": "ayamgeprek",
          "response": "makanan",
          "isImage": false,
          "image_url": "-"
     },
     {
          "id": "120363374592180128@g.us",
          "key": "ayam",
          "response": " makanan",
          "isImage": false,
          "image_url": "-"
     }
]