{
  "6285189218038": [
    {
      "pesanan": ".cekpesanan",
      "catatan": "1",
      "status": "diproses",
      "tanggal": "Senin, 28 - Juli - 2025"
    },
    {
      "pesanan": "✅ Testimoni berhasil dikirim ke channel & 19 grup.",
      "catatan": "12 reff",
      "status": "diproses",
      "tanggal": "Selasa, 29 - Juli - 2025"
    }
  ],
  "6285798014245": [
    {
      "pesanan": "https://t.me/ibvm_rewards_bot?start=943uf",
      "catatan": "5 reff",
      "status": "diproses",
      "tanggal": "Rabu, 30 - Juli - 2025"
    },
    {
      "pesanan": "https://t.me/ibvm_rewards_bot?start=vt9c6\nSisanya di kesini yakk",
      "catatan": "28 reff",
      "status": "diproses",
      "tanggal": "Rabu, 30 - Juli - 2025"
    }
  ],
  "60165056328": [
    {
      "pesanan": "https://www.tokentime.fund/h5/reg.html?invite_code=SMV3BG",
      "catatan": "9 reff",
      "status": "diproses",
      "tanggal": "Senin, 1 - September - 2025"
    },
    {
      "pesanan": "🎉 TIVA PT Refer & Earn 💰 Earn free TIVA PT by completing simple tasks & inviting friends!✅ Complete Tasks📢 Refer Friends🏆 Earn More for Every🚀 The more you refer, the more you earn — no limits!🔗 Join now & grab your rewards!Refer Code - 787un\nReferral Link - https://t.me/TIVA_Rewards_Bot?start=787un",
      "catatan": "10",
      "status": "selesai",
      "tanggal": "Kamis, 11 - September - 2025"
    }
  ],
  "6285783106541": [
    {
      "pesanan": "https://t.me/TIVA_Rewards_Bot?start=g6gc9",
      "catatan": "500 reff",
      "status": "diproses",
      "tanggal": "Rabu, 10 - September - 2025"
    }
  ],
  "6283104101033": [
    {
      "pesanan": "Pake code CQJP21",
      "catatan": "5 reff",
      "status": "diproses",
      "tanggal": "Rabu, 10 - September - 2025"
    }
  ],
  "6287837858777": [
    {
      "pesanan": "https://t.me/TIVA_Rewards_Bot?start=s5871",
      "catatan": "50 reff",
      "status": "selesai",
      "tanggal": "Kamis, 11 - September - 2025"
    },
    {
      "pesanan": "https://t.me/TIVA_Rewards_Bot?start=o9vcn",
      "catatan": "50 reff",
      "status": "diproses",
      "tanggal": "Kamis, 11 - September - 2025"
    },
    {
      "pesanan": "https://t.me/TIVA_Rewards_Bot?start=d9c44",
      "catatan": "50 reff",
      "status": "selesai",
      "tanggal": "Sabtu, 13 - September - 2025"
    },
    {
      "pesanan": "🎉 TIVA PT Refer & Earn 💰 Earn free TIVA PT by completing simple tasks & inviting friends!✅ Complete Tasks📢 Refer Friends🏆 Earn More for Every🚀 The more you refer, the more you earn — no limits!🔗 Join now & grab your rewards!Refer Code - q3y66\n      Referral Link - https://t.me/TIVA_Rewards_Bot?start=q3y66",
      "catatan": "50 reff",
      "status": "diproses",
      "tanggal": "Senin, 15 - September - 2025"
    },
    {
      "pesanan": "Referral Link - https://t.me/TIVA_Rewards_Bot?start=d5bpv",
      "catatan": "100 reff",
      "status": "diproses",
      "tanggal": "Senin, 15 - September - 2025"
    },
    {
      "pesanan": "https://t.me/TIVA_Rewards_Bot?start=wtnkh\n\n50 reff",
      "catatan": "50 reff",
      "status": "selesai",
      "tanggal": "Kamis, 25 - September - 2025"
    },
    {
      "pesanan": "🎉 TIVA PT Refer & Earn 💰 Earn free TIVA PT by completing simple tasks & inviting friends!✅ Complete Tasks📢 Refer Friends🏆 Earn More for Every🚀 The more you refer, the more you earn — no limits!🔗 Join now & grab your rewards!Refer Code - o9vcn\nReferral Link - https://t.me/TIVA_Rewards_Bot?start=dz1m5",
      "catatan": "50 reff",
      "status": "diproses",
      "tanggal": "Kamis, 25 - September - 2025"
    },
    {
      "pesanan": "🎉 TIVA PT Refer & Earn 💰 Earn free TIVA PT by completing simple tasks & inviting friends!✅ Complete Tasks📢 Refer Friends🏆 Earn More for Every🚀 The more you refer, the more you earn — no limits!🔗 Join now & grab your rewards!Refer Code - o9vcn\nReferral Link - https://t.me/TIVA_Rewards_Bot?start=h97ur",
      "catatan": "50 reff",
      "status": "diproses",
      "tanggal": "Kamis, 25 - September - 2025"
    },
    {
      "pesanan": "https://t.me/TIVA_Rewards_Bot?start=s5871",
      "catatan": "25 reff",
      "status": "diproses",
      "tanggal": "Kamis, 25 - September - 2025"
    },
    {
      "pesanan": "https://t.me/TIVA_Rewards_Bot?start=ck3gc",
      "catatan": "yaa",
      "status": "diproses",
      "tanggal": "Kamis, 25 - September - 2025"
    }
  ],
  "6287825603975": [
    {
      "pesanan": "🎉 TIVA PT Refer & Earn 💰 Earn free TIVA PT by completing simple tasks & inviting friends!✅ Complete Tasks📢 Refer Friends🏆 Earn More for Every🚀 The more you refer, the more you earn — no limits!🔗 Join now & grab your rewards!Refer Code - eq6to\nReferral Link - https://t.me/TIVA_Rewards_Bot?start=eq6to",
      "catatan": "500 reff",
      "status": "diproses",
      "tanggal": "Jum’at, 12 - September - 2025"
    }
  ],
  "6285738037654": [
    {
      "pesanan": "🎉 TIVA PT Refer & Earn 💰 Earn free TIVA PT by completing simple tasks & inviting friends!✅ Complete Tasks📢 Refer Friends🏆 Earn More for Every🚀 The more you refer, the more you earn — no limits!🔗 Join now & grab your rewards!Refer Code - a08ts\nReferral Link - https://t.me/TIVA_Rewards_Bot?start=a08ts",
      "catatan": "mas",
      "status": "selesai",
      "tanggal": "Jum’at, 12 - September - 2025"
    }
  ],
  "6281617117507": [
    {
      "pesanan": "Referral Link - https://t.me/TIVA_Rewards_Bot?start=mseaf",
      "catatan": "🌱 Bergabunglah dengan saya di Sprout Network dan mulailah menambang SPROUT, jenis mata uang digital baru.\n\n 📱 Sprout Network adalah aplikasi penambangan seluler yang memungkinkan siapa saja mulai menghasilkan Sprout dari ponsel mereka hanya dengan satu ketukan sehari. Tanpa pengaturan yang rumit, tanpa perangkat keras khusus, dan tidak akan menguras baterai Anda.\n\n ⚡ Ketuk sekali sehari\n 👥 Bangun tim penghasil Anda\n 📈 Tingkatkan hadiah Anda dengan mengundang teman untuk bergabung dengan Anda\n\n 🔒 Aplikasi ini hanya untuk undangan, jadi Anda memerlukan kode rujukan saya untuk mendaftar: randy123",
      "status": "diproses",
      "tanggal": "Sabtu, 13 - September - 2025"
    },
    {
      "pesanan": "Referral Link - https://t.me/TIVA_Rewards_Bot?start=mseaf",
      "catatan": "100 reff",
      "status": "diproses",
      "tanggal": "Jum’at, 26 - September - 2025"
    }
  ],
  "6282284529963": [
    {
      "pesanan": "https://t.me/TIVA_Rewards_Bot?start=yboar",
      "catatan": "214 reff",
      "status": "diproses",
      "tanggal": "Senin, 15 - September - 2025"
    },
    {
      "pesanan": "🎉 TIVA PT Refer & Earn 💰 Earn free TIVA PT by completing simple tasks & inviting friends!✅ Complete Tasks📢 Refer Friends🏆 Earn More for Every🚀 The more you refer, the more you earn — no limits!🔗 Join now & grab your rewards!Refer Code - yboar\nReferral Link - https://t.me/TIVA_Rewards_Bot?start=yboar",
      "catatan": "JALAN TEKNIS ATOSHI → MAINNET 2026 🌐\n\nDari riset penambangan seluler hingga adopsi utilitas global, setiap tonggak sejarah telah dirancang dengan cermat untuk satu misi:\n\n🎯 Tujuan jangka panjang: 1 ATOS = 1 USDT\n\n— Tim ATOSHI\nPenambangan yang Mudah. Didukung oleh Komunitas.\n🌐 www.atoshi.org\n\nMumpung masih ada waktu gas kumpulkan koin nya\nJoin link 👇👇\n\nhttps://invite.atoshi.org/?code=XFHXDL\n\ncode= *XFHXDL*",
      "status": "diproses",
      "tanggal": "Jum’at, 26 - September - 2025"
    }
  ],
  "6283150150007": [
    {
      "pesanan": "https://t.me/TIVA_Rewards_Bot?start=25pot",
      "catatan": "200 reff",
      "status": "selesai",
      "tanggal": "Kamis, 25 - September - 2025"
    }
  ],
  "6281268863492": [
    {
      "pesanan": "Referral Link - https://t.me/TIVA_Rewards_Bot?start=eiz4y",
      "catatan": "dulss",
      "status": "diproses",
      "tanggal": "Jum’at, 26 - September - 2025"
    }
  ]
}